{
  "overall": {
    "t5": {
      "gleu": 10.857895149226417,
      "readability_metrics": {
        "flesch_kincaid_grade": 123.30000000000001,
        "flesch_reading_ease": 4056.589999999998,
        "gunning_fog": 295.30000000000007,
        "smog_index": 0.0,
        "automated_readability_index": 217.19999999999996,
        "coleman_liau_index": -54.460000000000015,
        "linsear_write_formula": 78.0,
        "dale_chall_readability_score": 329.44000000000005
      }
    },
    "stylecheck": {
      "gleu": 36.24543809132045,
      "readability_metrics": {
        "flesch_kincaid_grade": 111.90000000000002,
        "flesch_reading_ease": 4277.71,
        "gunning_fog": 201.67999999999998,
        "smog_index": 0.0,
        "automated_readability_index": 103.69999999999995,
        "coleman_liau_index": 120.76000000000002,
        "linsear_write_formula": 114.5,
        "dale_chall_readability_score": 251.28999999999994
      }
    }
  },
  "by_category": {
    "simple_grammar": {
      "t5": {
        "gleu": 5.71961371961372,
        "readability_metrics": {
          "flesch_kincaid_grade": 68.80000000000001,
          "flesch_reading_ease": 1165.9499999999998,
          "gunning_fog": 127.19999999999999,
          "smog_index": 0.0,
          "automated_readability_index": 110.19999999999997,
          "coleman_liau_index": 56.43999999999999,
          "linsear_write_formula": 28.0,
          "dale_chall_readability_score": 130.07999999999998
        },
        "count": 16
      },
      "stylecheck": {
        "gleu": 16.0,
        "readability_metrics": {
          "flesch_kincaid_grade": 19.200000000000003,
          "flesch_reading_ease": 1526.7400000000002,
          "gunning_fog": 32.4,
          "smog_index": 0.0,
          "automated_readability_index": 30.100000000000005,
          "coleman_liau_index": 33.279999999999994,
          "linsear_write_formula": 26.5,
          "dale_chall_readability_score": 55.33
        },
        "count": 16
      }
    },
    "complex_grammar": {
      "t5": {
        "gleu": 3.3223307136619833,
        "readability_metrics": {
          "flesch_kincaid_grade": 10.600000000000001,
          "flesch_reading_ease": 1541.5800000000004,
          "gunning_fog": 71.28000000000002,
          "smog_index": 0.0,
          "automated_readability_index": 48.4,
          "coleman_liau_index": -142.64000000000001,
          "linsear_write_formula": 17.0,
          "dale_chall_readability_score": 90.08000000000001
        },
        "count": 16
      },
      "stylecheck": {
        "gleu": 13.965779971662323,
        "readability_metrics": {
          "flesch_kincaid_grade": 38.0,
          "flesch_reading_ease": 1445.5300000000002,
          "gunning_fog": 72.86,
          "smog_index": 0.0,
          "automated_readability_index": 29.2,
          "coleman_liau_index": 43.48,
          "linsear_write_formula": 45.5,
          "dale_chall_readability_score": 87.25000000000001
        },
        "count": 16
      }
    },
    "style_word_choice": {
      "t5": {
        "gleu": 1.815950715950716,
        "readability_metrics": {
          "flesch_kincaid_grade": 43.9,
          "flesch_reading_ease": 1349.06,
          "gunning_fog": 96.81999999999998,
          "smog_index": 0.0,
          "automated_readability_index": 58.60000000000001,
          "coleman_liau_index": 31.739999999999995,
          "linsear_write_formula": 33.0,
          "dale_chall_readability_score": 109.28
        },
        "count": 16
      },
      "stylecheck": {
        "gleu": 6.2796581196581185,
        "readability_metrics": {
          "flesch_kincaid_grade": 54.7,
          "flesch_reading_ease": 1305.44,
          "gunning_fog": 96.42000000000002,
          "smog_index": 0.0,
          "automated_readability_index": 44.400000000000006,
          "coleman_liau_index": 44.00000000000001,
          "linsear_write_formula": 42.5,
          "dale_chall_readability_score": 108.71
        },
        "count": 16
      }
    }
  },
  "processed_indices": [
    0,
    1,
    2,
    3,
    4,
    5,
    6,
    7,
    8,
    9,
    10,
    11,
    12,
    13,
    14,
    15,
    16,
    17,
    18,
    19,
    20,
    21,
    22,
    23,
    24,
    25,
    26,
    27,
    28,
    29,
    30,
    31,
    32,
    33,
    34,
    35,
    36,
    37,
    38,
    39,
    40,
    41,
    42,
    43,
    44,
    45,
    46,
    47
  ]
}